,name,rating,reviewCount,brand,price,imageUrl
4046,"SH30 Replacement Heads for Philips Norelco Electric Shaver Series 1000, 2000, 3000 and S738 Click and Style with 9 Durable Sharp Blade, Easy Cut, 3 Pcs",5,2,philips,20.97,https://i5.walmartimages.com/asr/16ea5f6b-94ae-4f3a-af6d-e0f221910018_1.e2532110b2a57d94b34210553ea0a9f0.jpeg | https://i5.walmartimages.com/asr/02f35078-16a4-4fec-90e2-5ebbb36cff57_1.01176e0121ac0e80062774d483db7c54.jpeg | https://i5.walmartimages.com/asr/5ea9d33c-678f-4bee-81d4-de8ec3f966c1_1.de872d85acf74a3d92814d0a4ee0538a.jpeg | https://i5.walmartimages.com/asr/b16e9425-8f40-4f84-a244-0acf54e1f59e_1.dcc0d11596bb2299c51ef1c18486321a.jpeg | https://i5.walmartimages.com/asr/a7ba32bc-571e-4bd0-a482-ef927ac13d8c_1.a8c4cb92082dd34cb1f696c04e707a62.jpeg | https://i5.walmartimages.com/asr/b0147230-63ae-40b1-9e5f-904c7bfa80a5_1.2cd03f54dd59b60f570d627a9ddfadc8.jpeg | https://i5.walmartimages.com/asr/14760d61-6d41-46e7-bf6d-871634b68981_1.f50590642f86f95ce0032cf5f1322e27.jpeg
3382,OROFLUIDO - Beauty Elixir 3.3oz,5,1,orofluido,10.65,https://i5.walmartimages.com/asr/d2112146-1269-4d53-b234-67ed02084add_1.fe20103fd1f7e197dcd47a462af43f4d.jpeg
3776,"ProsourceFit Grippy Yoga Gloves, Non-Slip Fingerless Design",5,4,prosourcefit,7.5,https://i5.walmartimages.com/asr/53203f1c-6a23-47b9-bff9-5b35db8b1a5b_1.6eaa0bf738d06640279bf189f69af652.jpeg | https://i5.walmartimages.com/asr/730172e0-9218-46c8-b781-5f1d70ded237_1.37f2eb4ff9ae3ecc69c2acf19b159aaa.jpeg | https://i5.walmartimages.com/asr/db35fa53-e74d-455f-a959-103e8c917880_1.f4ca7b0b847518f79496b5829ea97980.jpeg | https://i5.walmartimages.com/asr/293e6faf-46f0-405e-a6b4-c48b8baf695d_1.c669d6bbc57eedd7f4a0369877c2bacf.jpeg | https://i5.walmartimages.com/asr/7dbca60d-b714-48b0-a6b3-ea767031b56a_2.4160e15e65b42ff9b291912308f9f28c.jpeg | https://i5.walmartimages.com/asr/368399b6-72db-4a2a-bdd6-a4e81b05c239_1.51cb8743acea5e915293dc9bec655006.jpeg
3775,Proraso Green After Shave Lotion With Eucalyptus & Menthol 100ml,5,2,proraso,14.5,https://i5.walmartimages.com/asr/94246b02-ca9f-489a-b038-d9ffd43614da_1.66c3105bb7091dd7c7aa67a5ec141ede.jpeg | https://i5.walmartimages.com/asr/f7e8da05-efa1-4a22-a7fd-e79bc1e3a030_1.9d13494486e9cfba6f6ec9570db522c1.jpeg
4812,"Women Electric Facial Hair Removal Facial Epilator Hair Shaver Razor Painless, MOOSOO LDS1",5,1,moosoo,19.99,https://i5.walmartimages.com/asr/bace6920-3cbd-4dd7-83f4-04a36573ef83.cf1881cc55f96d0e887127b806ceb8f2.jpeg | https://i5.walmartimages.com/asr/c6c76917-7c49-45cd-be32-f44dfff28274.820a6c760c16e534d6321cd984e8326c.jpeg | https://i5.walmartimages.com/asr/56fb1b60-0c89-40fc-9a58-938acfccc8f5.41a76ab4239548b1c47158807a24913d.jpeg | https://i5.walmartimages.com/asr/1c4baa37-9e00-4507-a1f7-7c8c0a5961e4.b6d33e3edd7ce0c24791f492c8dd035e.jpeg | https://i5.walmartimages.com/asr/3677ba12-e5fe-430f-b700-5676861f45a6.e8e6dc4e926ca507435910503dd739a8.jpeg | https://i5.walmartimages.com/asr/552084c4-b1d9-4a2d-99be-03da336ab8bb.621c97b22986de667a97f719c2cbca07.jpeg | https://i5.walmartimages.com/asr/b1d15643-105a-4d41-aa22-b989319c86ac.bd00e48540238764392d2d027c7bad6a.jpeg
357,5 Bottles PURE Plant Therapy Lymphatic Drainage Ginger Oil Pain Relief,5,1,unbrand,20.99,https://i5.walmartimages.com/asr/cfa266d0-977c-4f44-8c74-32045ee761b0_1.4d7312544e5e7e4e6dc7566bf63e245b.jpeg | https://i5.walmartimages.com/asr/e8d28d4d-10a5-4e9f-9e79-96e83b808a68_1.9ce6ad7074eb5330483950641300b6df.png | https://i5.walmartimages.com/asr/f91e47eb-f078-462a-8bb9-8b36dc5e515d_1.5c7923d20ba10792537c8caf1d98e615.jpeg | https://i5.walmartimages.com/asr/c9154b24-7988-4a7c-9150-a5fc76136c55_1.7f7dac14da242f9c8035bb9422c8d808.jpeg
1929,"Gaiam Kids Yoga Mat Pink Zebra, 4mm",5,13,gaiam,14.28,https://i5.walmartimages.com/asr/1e3a766f-4185-4e3d-90d9-5f37ddb14ae3_1.458419043c542018f17a471fef1efbe8.jpeg | https://i5.walmartimages.com/asr/0f1c4128-139a-4ed3-8559-66d8a5d6ebc6_1.cfc4f11d948560f7dee11db11b90156f.jpeg | https://i5.walmartimages.com/asr/5dc416f1-1dcf-4dc5-83dd-d1c7103b651a_1.bff4ba1663193c385ae71b88c48751c7.jpeg | https://i5.walmartimages.com/asr/9373f6fe-fcbf-48c8-a997-fbc2906aac1e_1.59b8e9a2ec06ad05963349ce9af5309b.jpeg | https://i5.walmartimages.com/asr/a987b230-f64a-4415-8e06-27b9abc4f54d_1.6e75ee1f4cc0f6c5e1d184adecd69953.jpeg | https://i5.walmartimages.com/asr/733a6ec9-c56e-4a2a-a02a-44a33b25c775_1.f0b27ed4272d857a0331b4a7f5f23602.jpeg
1017,"COSRX Ultimate Moisturizing Honey Overnight Face Mask, 2.02 Oz",5,2,cosrx,12.15,https://i5.walmartimages.com/asr/5b70eab0-99eb-471e-80cf-3abdd16a4b35_1.e4eeace458e5c641b7fe51f80d94e467.jpeg | https://i5.walmartimages.com/asr/2b2b2fb7-b6a8-4b33-86dd-982f843b8ebc_8.b72662496ff0f0615109a96d10233a86.jpeg | https://i5.walmartimages.com/asr/4e79120c-f64e-47a5-9e9a-2de810ff1f35_1.9b00ccc640988c887cfa213be5b7c639.jpeg | https://i5.walmartimages.com/asr/7a5bb2d1-5ae1-48dd-9c65-e9669797d175_1.fb7d6dc05edf0222d988c4fc2a1dfde1.jpeg
4611,Twisted Curl Magnifier Styling Cream by Sebastian Professional - 4.9 oz Cream,5,5,"sebastian, professional",13.99,https://i5.walmartimages.com/asr/9232a734-df57-4a83-a7ff-dfdb25b6f43d_1.dc16f28c38b1cfc36afb3d3fb21ac8ea.jpeg | https://i5.walmartimages.com/asr/4c63eb52-15f4-4823-bcf9-11f0a37277a0_1.29d80c1993fad9ca043d3276f45e9c79.jpeg | https://i5.walmartimages.com/asr/0f7bc2d9-4576-45c5-b26e-03dd8432d6a6_1.74b899c304442c97ded8471190527ea6.jpeg
350,4 Pack Banana Boat Aloe After Sun Lotion 16oz Each,5,1,"banana, boat",27.99,https://i5.walmartimages.com/asr/66cd6394-9c5f-417a-9c83-1a2a2c0185b8.1c8104da46646bc3dbbd945740ed5ebd.jpeg | https://i5.walmartimages.com/asr/c0614aaa-fd23-45c8-a238-dfea885fab3d.49a95a99c8d64d07fb563707614eb860.jpeg
